DVAL,QS,QP,F1PE,F23PE,S1,S1PE,S2,S2PE,S3,S3PE,S4,S4PE,ACCISA,IVA
20151001,26.6508,7.0145,0.06730,0.06186,1800,0.062402,2640,0.122162,4440,0.191782,99999999,0.238252,0.0227,0.10
20160101,42.6248,10.0565,0.06111,0.05298,1800,0.061522,2640,0.113742,4440,0.186792,99999999,0.186792,0.0227,0.10
