DVAL,QS,QP,F1PE,F23PE,S1,S1PE,S2,S2PE,S3,S3PE,S4,S4PE,ACCISA,IVA
20151001,44.5340,16.4109,0.06730,0.06186,1800,0.127502,2640,0.144632,4440,0.184452,99999999,0.227122,0.0227,0.10
